{"cameraMode":{"drawMode":0,"name":"Shaded","section":"Shading Mode"},"sceneLighting":true,"audioPlay":false,"sceneViewState":{"m_AlwaysRefresh":false,"showFog":true,"showSkybox":true,"showFlares":true,"showImageEffects":true,"showParticleSystems":true,"showVisualEffectGraphs":true,"m_FxEnabled":true},"in2DMode":false,"pivot":{"x":-0.48822689056396487,"y":-2.5986804962158205,"z":22.429744720458986},"rotation":{"x":-0.26855596899986269,"y":0.4289480745792389,"z":-0.13523618876934052,"w":-0.8518194556236267},"size":40.89980697631836,"orthographic":false}