{"cameraMode":{"drawMode":0,"name":"Shaded","section":"Shading Mode"},"sceneLighting":true,"audioPlay":false,"sceneViewState":{"m_AlwaysRefresh":false,"showFog":true,"showSkybox":true,"showFlares":true,"showImageEffects":true,"showParticleSystems":true,"showVisualEffectGraphs":true,"m_FxEnabled":true},"in2DMode":false,"pivot":{"x":28.194393157958986,"y":-47.68213653564453,"z":31.717880249023439},"rotation":{"x":-0.01505640335381031,"y":-0.9703113436698914,"z":0.23314648866653443,"w":-0.06266666948795319},"size":103.57706451416016,"orthographic":false}